"product_key","image_key","filename","r2_object_key","image_role","quality_status","mapping_status"
"siro-torani-bgkq-0001","bgkq-0001","bgkq-0001-siro-torani-thung-12-chai.webp","catalog/hung-phat/v2/products/bgkq-0001.webp","card","LOW_RES","exact"
"siro-thai-pixe-bgkq-0002","bgkq-0002","bgkq-0002-siro-thai-pixe-thung-12-chai.webp","catalog/hung-phat/v2/products/bgkq-0002.webp","card","OK","exact"
"siro-thai-dingfong-bgkq-0003","bgkq-0003","bgkq-0003-siro-thai-dingfong-thung-12-chai.webp","catalog/hung-phat/v2/products/bgkq-0003.webp","card","OK","exact"
"siro-gold-2l-bgkq-0004","bgkq-0004","bgkq-0004-siro-gold-2l-thung-4-binh.webp","catalog/hung-phat/v2/products/bgkq-0004.webp","card","LOW_RES","exact"
"siro-gold-700ml-bgkq-0005","bgkq-0005","bgkq-0005-siro-gold-700ml-thung-12-chai.webp","catalog/hung-phat/v2/products/bgkq-0005.webp","card","OK","exact"
"siro-gtp-bgkq-0006","bgkq-0006","bgkq-0006-siro-gtp-thung-6-binh.webp","catalog/hung-phat/v2/products/bgkq-0006.webp","card","OK","exact"
"siro-gtp-dau-duong-den-bgkq-0007","bgkq-0007","bgkq-0007-siro-gtp-dau-duong-den-thung-6chai.webp","catalog/hung-phat/v2/products/bgkq-0007.webp","card","OK","exact"
"siro-vina-bgkq-0008","bgkq-0008","bgkq-0008-siro-vina-thung-12-chai.webp","catalog/hung-phat/v2/products/bgkq-0008.webp","card","LOW_RES","exact"
"siro-sam-dua-vina-bgkq-0009","bgkq-0009","bgkq-0009-siro-sam-dua-vina-thung-12-chai.webp","catalog/hung-phat/v2/products/bgkq-0009.webp","card","LOW_RES","exact"
"siro-carisa-bgkq-0010","bgkq-0010","bgkq-0010-siro-carisa-thung-24-chai.webp","catalog/hung-phat/v2/products/bgkq-0010.webp","card","OK","exact"
"siro-changthai-bgkq-0011","bgkq-0011","bgkq-0011-siro-changthai-thung-12-chai.webp","catalog/hung-phat/v2/products/bgkq-0011.webp","card","OK","exact"
"siro-douxian-2l-tron-bgkq-0012","bgkq-0012","bgkq-0012-siro-douxian-2l-tron-thung-6-chai.webp","catalog/hung-phat/v2/products/bgkq-0012.webp","card","OK","exact"
"siro-dd-hoang-kim-bgkq-0013","bgkq-0013","bgkq-0013-siro-dd-hoang-kim-thung-6chai.webp","catalog/hung-phat/v2/products/bgkq-0013.webp","card","LOW_RES","exact"
"siro-douxian-2l-hoang-kim-bgkq-0014","bgkq-0014","bgkq-0014-siro-douxian-2l-hoang-kim-thung-6-chai.webp","catalog/hung-phat/v2/products/bgkq-0014.webp","card","OK","exact"
"sinh-to-berrino-dau-bgkq-0015","bgkq-0015","bgkq-0015-sinh-to-berrino-dau-thung12-chai.webp","","card","MISSING","missing"
"sinh-to-berrino-dao-bgkq-0016","bgkq-0016","bgkq-0016-sinh-to-berrino-dao-thung12-chai.webp","catalog/hung-phat/v2/products/bgkq-0016.webp","card","LOW_RES","exact"
"sinh-to-berrino-oi-bgkq-0017","bgkq-0017","bgkq-0017-sinh-to-berrino-oi-thung12-chai.webp","catalog/hung-phat/v2/products/bgkq-0017.webp","card","LOW_RES","exact"
"sinh-to-berrino-viet-quoc-bgkq-0018","bgkq-0018","bgkq-0018-sinh-to-berrino-viet-quoc-thung12-chai.webp","catalog/hung-phat/v2/products/bgkq-0018.webp","card","LOW_RES","exact"
"sinh-to-berrino-chanh-day-bgkq-0019","bgkq-0019","bgkq-0019-sinh-to-berrino-chanh-day-thung12-chai.webp","catalog/hung-phat/v2/products/bgkq-0019.webp","card","LOW_RES","exact"
"sinh-to-berrino-vai-bgkq-0020","bgkq-0020","bgkq-0020-sinh-to-berrino-vai-thung12-chai.webp","catalog/hung-phat/v2/products/bgkq-0020.webp","card","LOW_RES","exact"
"sinh-to-berrino-kiwi-bgkq-0021","bgkq-0021","bgkq-0021-sinh-to-berrino-kiwi-thung12-chai.webp","catalog/hung-phat/v2/products/bgkq-0021.webp","card","LOW_RES","exact"
"sinh-to-berrino-phuc-bon-tu-bgkq-0022","bgkq-0022","bgkq-0022-sinh-to-berrino-phuc-bon-tu-thung12-chai.webp","catalog/hung-phat/v2/products/bgkq-0022.webp","card","LOW_RES","exact"
"sinh-to-berrino-xoai-bgkq-0023","bgkq-0023","bgkq-0023-sinh-to-berrino-xoai-thung12-chai.webp","catalog/hung-phat/v2/products/bgkq-0023.webp","card","LOW_RES","exact"
"sinh-to-berrino-nho-bgkq-0024","bgkq-0024","bgkq-0024-sinh-to-berrino-nho-thung12-chai.webp","catalog/hung-phat/v2/products/bgkq-0024.webp","card","LOW_RES","exact"
"sinh-to-berrino-dau-tam-bgkq-0025","bgkq-0025","bgkq-0025-sinh-to-berrino-dau-tam-thung-12-chai.webp","catalog/hung-phat/v2/products/bgkq-0025.webp","card","LOW_RES","exact"
"sinh-to-berino-khom-bgkq-0026","bgkq-0026","bgkq-0026-sinh-to-berino-khom-thung-12-chai.webp","catalog/hung-phat/v2/products/bgkq-0026.webp","card","LOW_RES","exact"
"sinh-to-gold-dau-bgkq-0027","bgkq-0027","bgkq-0027-sinh-to-gold-dau-thung12-chai.webp","catalog/hung-phat/v2/products/bgkq-0027.webp","card","LOW_RES","exact"
"sinh-to-gold-dao-bgkq-0028","bgkq-0028","bgkq-0028-sinh-to-gold-dao-thung12-chai.webp","catalog/hung-phat/v2/products/bgkq-0028.webp","card","LOW_RES","exact"
"sinh-to-gold-viet-quoc-bgkq-0029","bgkq-0029","bgkq-0029-sinh-to-gold-viet-quoc-thung12-chai.webp","catalog/hung-phat/v2/products/bgkq-0029.webp","card","LOW_RES","exact"
"sinh-to-gold-chanh-day-bgkq-0030","bgkq-0030","bgkq-0030-sinh-to-gold-chanh-day-thung12-chai.webp","catalog/hung-phat/v2/products/bgkq-0030.webp","card","LOW_RES","exact"
"sinh-to-gold-kiwi-bgkq-0031","bgkq-0031","bgkq-0031-sinh-to-gold-kiwi-thung12-chai.webp","catalog/hung-phat/v2/products/bgkq-0031.webp","card","LOW_RES","exact"
"sinh-to-gold-phuc-bon-tu-bgkq-0032","bgkq-0032","bgkq-0032-sinh-to-gold-phuc-bon-tu-thung12-chai.webp","catalog/hung-phat/v2/products/bgkq-0032.webp","card","LOW_RES","exact"
"sinh-to-gold-xoai-bgkq-0033","bgkq-0033","bgkq-0033-sinh-to-gold-xoai-thung12-chai.webp","catalog/hung-phat/v2/products/bgkq-0033.webp","card","LOW_RES","exact"
"sinh-to-gold-oi-bgkq-0034","bgkq-0034","bgkq-0034-sinh-to-gold-oi-thung-12-chai.webp","catalog/hung-phat/v2/products/bgkq-0034.webp","card","LOW_RES","exact"
"sinh-to-gold-dau-tam-bgkq-0035","bgkq-0035","bgkq-0035-sinh-to-gold-dau-tam-thung-12-chai.webp","catalog/hung-phat/v2/products/bgkq-0035.webp","card","LOW_RES","exact"
"sinh-to-mang-cau-glod-bgkq-0036","bgkq-0036","bgkq-0036-sinh-to-mang-cau-glod-thung-12-chai.webp","catalog/hung-phat/v2/products/bgkq-0036.webp","card","LOW_RES","exact"
"sinh-to-vai-glod-bgkq-0037","bgkq-0037","bgkq-0037-sinh-to-vai-glod-thung-12-chai.webp","catalog/hung-phat/v2/products/bgkq-0037.webp","card","OK","exact"
"sinh-to-gol-nho-bgkq-0038","bgkq-0038","bgkq-0038-sinh-to-gol-nho-thung12-chai.webp","catalog/hung-phat/v2/products/bgkq-0038.webp","card","LOW_RES","exact"
"sinh-to-vina-vai-bgkq-0040","bgkq-0040","bgkq-0040-sinh-to-vina-vai-thung-12-chai.webp","catalog/hung-phat/v2/products/bgkq-0040.webp","card","OK","exact"
"sinh-to-vina-viet-quoc-bgkq-0041","bgkq-0041","bgkq-0041-sinh-to-vina-viet-quoc-thung-12-chai.webp","catalog/hung-phat/v2/products/bgkq-0041.webp","card","LOW_RES","exact"
"sinh-to-vina-dau-bgkq-0042","bgkq-0042","bgkq-0042-sinh-to-vina-dau-thung-12-chai.webp","catalog/hung-phat/v2/products/bgkq-0042.webp","card","LOW_RES","exact"
"sinh-to-vina-mang-cau-bgkq-0043","bgkq-0043","bgkq-0043-sinh-to-vina-mang-cau-thung-12-chai.webp","catalog/hung-phat/v2/products/bgkq-0043.webp","card","LOW_RES","exact"
"sinh-to-vina-kiwi-bgkq-0044","bgkq-0044","bgkq-0044-sinh-to-vina-kiwi-thung-12-chai.webp","catalog/hung-phat/v2/products/bgkq-0044.webp","card","LOW_RES","exact"
"sinh-to-vina-chanh-day-bgkq-0045","bgkq-0045","bgkq-0045-sinh-to-vina-chanh-day-thung-12-chai.webp","catalog/hung-phat/v2/products/bgkq-0045.webp","card","LOW_RES","exact"
"sinh-to-vina-oi-bgkq-0046","bgkq-0046","bgkq-0046-sinh-to-vina-oi-thung-12-chai.webp","catalog/hung-phat/v2/products/bgkq-0046.webp","card","LOW_RES","exact"
"sinh-to-vina-dao-bgkq-0047","bgkq-0047","bgkq-0047-sinh-to-vina-dao-thung-24-chai.webp","catalog/hung-phat/v2/products/bgkq-0047.webp","card","LOW_RES","exact"
"sinh-to-vina-viet-quoc-bgkq-0048","bgkq-0048","bgkq-0048-sinh-to-vina-viet-quoc-thung-24-chai.webp","catalog/hung-phat/v2/products/bgkq-0048.webp","card","LOW_RES","exact"
"sinh-to-vina-dau-bgkq-0049","bgkq-0049","bgkq-0049-sinh-to-vina-dau-thung-24-chai.webp","catalog/hung-phat/v2/products/bgkq-0049.webp","card","LOW_RES","exact"
"sinh-to-vina-oi-bgkq-0050","bgkq-0050","bgkq-0050-sinh-to-vina-oi-thung-24-chai.webp","catalog/hung-phat/v2/products/bgkq-0050.webp","card","OK","exact"
"duongden-black-1-lit-bgkq-0051","bgkq-0051","bgkq-0051-duongden-black-1-lit-thung-12-chai.webp","catalog/hung-phat/v2/products/bgkq-0051.webp","card","OK","exact"
"duongden-black-2-lit-bgkq-0052","bgkq-0052","bgkq-0052-duongden-black-2-lit-thung-6-binh.webp","catalog/hung-phat/v2/products/bgkq-0052.webp","card","OK","exact"
"duong-den-a-bgkq-0053","bgkq-0053","bgkq-0053-duong-den-a-thung-24-chai.webp","catalog/hung-phat/v2/products/bgkq-0053.webp","card","OK","exact"
"duong-den-monita-bgkq-0054","bgkq-0054","bgkq-0054-duong-den-monita-bao-16kg.webp","catalog/hung-phat/v2/products/bgkq-0054.webp","card","OK","exact"
"duong-nau-monita-bgkq-0055","bgkq-0055","bgkq-0055-duong-nau-monita-bao-16kg.webp","catalog/hung-phat/v2/products/bgkq-0055.webp","card","OK","exact"
"duong-den-dai-loan-tui-bac-bgkq-0056","bgkq-0056","bgkq-0056-duong-den-dai-loan-tui-bac-thung-12kg.webp","catalog/hung-phat/v2/products/bgkq-0056.webp","card","OK","exact"
"duong-den-mola-bgkq-0057","bgkq-0057","bgkq-0057-duong-den-mola-thung-12-chai.webp","catalog/hung-phat/v2/products/bgkq-0057.webp","card","OK","exact"
"duong-den-euro-deli-bgkq-0058","bgkq-0058","bgkq-0058-duong-den-euro-deli-thung-6-binh.webp","catalog/hung-phat/v2/products/bgkq-0058.webp","card","LOW_RES","exact"
"duong-den-douxian-bgkq-0059","bgkq-0059","bgkq-0059-duong-den-douxian-thung-6-binh.webp","catalog/hung-phat/v2/products/bgkq-0059.webp","card","OK","exact"
"duong-den-falu-bgkq-0060","bgkq-0060","bgkq-0060-duong-den-falu-thung-6-binh.webp","catalog/hung-phat/v2/products/bgkq-0060.webp","card","LOW_RES","exact"
"duong-nuoc-deasang-bgkq-0061","bgkq-0061","bgkq-0061-duong-nuoc-deasang-thung-25kg.webp","catalog/hung-phat/v2/products/bgkq-0061.webp","card","OK","exact"
"siro-douxian-a-bgkq-0062","bgkq-0062","bgkq-0062-siro-douxian-a-thung-24-chai.webp","catalog/hung-phat/v2/products/bgkq-0062.webp","card","OK","exact"
"tc-duong-den-duoxian-1kg-bgkq-0063","bgkq-0063","bgkq-0063-tc-duong-den-duoxian-1kg-thung-18-goi.webp","catalog/hung-phat/v2/products/bgkq-0063.webp","card","LOW_RES","exact"
"tc-duong-den-duoxian-2kg-bgkq-0064","bgkq-0064","bgkq-0064-tc-duong-den-duoxian-2kg-thung-10-goi.webp","catalog/hung-phat/v2/products/bgkq-0064.webp","card","OK","exact"
"tc-duong-den-duoxian-3kg-bgkq-0065","bgkq-0065","bgkq-0065-tc-duong-den-duoxian-3kg-thung-6-goi.webp","catalog/hung-phat/v2/products/bgkq-0065.webp","card","OK","exact"
"tc-hoang-kim-duoxian-1kg-bgkq-0066","bgkq-0066","bgkq-0066-tc-hoang-kim-duoxian-1kg-thung-18-goi.webp","catalog/hung-phat/v2/products/bgkq-0066.webp","card","OK","exact"
"tc-hoang-kim-duoxian-3kg-bgkq-0067","bgkq-0067","bgkq-0067-tc-hoang-kim-duoxian-3kg-thung-6-goi.webp","catalog/hung-phat/v2/products/bgkq-0067.webp","card","OK","exact"
"tc-cafe-gia-uy-mini-bgkq-0068","bgkq-0068","bgkq-0068-tc-cafe-gia-uy-mini-thung-10-goi.webp","","card","MISSING","missing"
"tc-duong-den-gia-uy-bgkq-0069","bgkq-0069","bgkq-0069-tc-duong-den-gia-uy-thung-10-goi.webp","catalog/hung-phat/v2/products/bgkq-0069.webp","card","LOW_RES","exact"
"tc-trang-gia-uy-bgkq-0070","bgkq-0070","bgkq-0070-tc-trang-gia-uy-thung-10-goi.webp","catalog/hung-phat/v2/products/bgkq-0070.webp","card","OK","exact"
"tc-cafe-gia-uy-bgkq-0071","bgkq-0071","bgkq-0071-tc-cafe-gia-uy-thung-10-goi.webp","catalog/hung-phat/v2/products/bgkq-0071.webp","card","LOW_RES","exact"
"tc-minh-hanh-1-kg-kunhan-bgkq-0072","bgkq-0072","bgkq-0072-tc-minh-hanh-1-kg-kunhan-thung-20-goi.webp","catalog/hung-phat/v2/products/bgkq-0072.webp","card","OK","exact"
"tc-dd-kuhan-2kg-bgkq-0073","bgkq-0073","bgkq-0073-tc-dd-kuhan-2kg-thung-10-hop.webp","catalog/hung-phat/v2/products/bgkq-0073.webp","card","OK","exact"
"tc-dd-kuhan-3kg-bgkq-0074","bgkq-0074","bgkq-0074-tc-dd-kuhan-3kg-thung-20-goi.webp","catalog/hung-phat/v2/products/bgkq-0074.webp","card","OK","exact"
"3q-bibi-trang-bgkq-0075","bgkq-0075","bgkq-0075-3q-bibi-trang-thung-6-goi.webp","catalog/hung-phat/v2/products/bgkq-0075.webp","card","OK","exact"
"3q-bibi-den-bgkq-0076","bgkq-0076","bgkq-0076-3q-bibi-den-thung-6-goi.webp","catalog/hung-phat/v2/products/bgkq-0076.webp","card","OK","exact"
"3q-sea-trang-bgkq-0077","bgkq-0077","bgkq-0077-3q-sea-trang-thung-6-goi.webp","catalog/hung-phat/v2/products/bgkq-0077.webp","card","OK","exact"
"3q-sea-den-bgkq-0078","bgkq-0078","bgkq-0078-3q-sea-den-thung-6-goi.webp","catalog/hung-phat/v2/products/bgkq-0078.webp","card","OK","exact"
"3q-zion-trang-bgkq-0079","bgkq-0079","bgkq-0079-3q-zion-trang-thung-6-goi.webp","catalog/hung-phat/v2/products/bgkq-0079.webp","card","OK","exact"
"3q-ok-trang-bgkq-0080","bgkq-0080","bgkq-0080-3q-ok-trang-thung-6-goi.webp","catalog/hung-phat/v2/products/bgkq-0080.webp","card","LOW_RES","exact"
"3q-ok-olong-bgkq-0081","bgkq-0081","bgkq-0081-3q-ok-olong-thung-6-goi.webp","catalog/hung-phat/v2/products/bgkq-0081.webp","card","LOW_RES","exact"
"3q-douxian-hu-bgkq-0082","bgkq-0082","bgkq-0082-3q-douxian-hu-thung-6-hu.webp","catalog/hung-phat/v2/products/bgkq-0082.webp","card","OK","exact"
"thach-douxian-cac-loai-bgkq-0083","bgkq-0083","bgkq-0083-thach-douxian-cac-loai-thung-6-hu.webp","catalog/hung-phat/v2/products/bgkq-0083.webp","card","OK","exact"
"thach-hung-chuong-jelly-bgkq-0084","bgkq-0084","bgkq-0084-thach-hung-chuong-jelly-thung-6-hu.webp","catalog/hung-phat/v2/products/bgkq-0084.webp","card","LOW_RES","exact"
"thuy-tinh-hung-chuong-bgkq-0085","bgkq-0085","bgkq-0085-thuy-tinh-hung-chuong-thung-4-hu.webp","catalog/hung-phat/v2/products/bgkq-0085.webp","card","LOW_RES","exact"
"sot-socola-hershey-bgkq-0086","bgkq-0086","bgkq-0086-sot-socola-hershey-thung-12-chai.webp","catalog/hung-phat/v2/products/bgkq-0086.webp","card","LOW_RES","exact"
"sot-douxian-cac-loai-bgkq-0087","bgkq-0087","bgkq-0087-sot-douxian-cac-loai-thung-12-chai.webp","catalog/hung-phat/v2/products/bgkq-0087.webp","card","OK","exact"
"sot-gold-matcha-bgkq-0088","bgkq-0088","bgkq-0088-sot-gold-matcha-thung-12-chai.webp","catalog/hung-phat/v2/products/bgkq-0088.webp","card","LOW_RES","exact"
"sot-gold-so-bgkq-0089","bgkq-0089","bgkq-0089-sot-gold-so-thung-12-chai.webp","catalog/hung-phat/v2/products/bgkq-0089.webp","card","LOW_RES","exact"
"sot-gold-mon-bgkq-0090","bgkq-0090","bgkq-0090-sot-gold-mon-thung-12-chai.webp","catalog/hung-phat/v2/products/bgkq-0090.webp","card","OK","exact"
"sot-gold-khac-bgkq-0091","bgkq-0091","bgkq-0091-sot-gold-khac-thung-12-chai.webp","catalog/hung-phat/v2/products/bgkq-0091.webp","card","LOW_RES","exact"
"dao-lon-rhodes-giat-bgkq-0092","bgkq-0092","bgkq-0092-dao-lon-rhodes-giat-thung-12-lon.webp","catalog/hung-phat/v2/products/bgkq-0092.webp","card","LOW_RES","exact"
"dao-lon-thai-bgkq-0093","bgkq-0093","bgkq-0093-dao-lon-thai-thung-12-lon.webp","catalog/hung-phat/v2/products/bgkq-0093.webp","card","LOW_RES","exact"
"dao-contree-bgkq-0094","bgkq-0094","bgkq-0094-dao-contree-thung-12-lon.webp","catalog/hung-phat/v2/products/bgkq-0094.webp","card","OK","exact"
"vai-lon-hoang-gia-bgkq-0095","bgkq-0095","bgkq-0095-vai-lon-hoang-gia-thung-12-lon.webp","catalog/hung-phat/v2/products/bgkq-0095.webp","card","LOW_RES","exact"
"sen-nif-bgkq-0096","bgkq-0096","bgkq-0096-sen-nif-thung-12-lon.webp","catalog/hung-phat/v2/products/bgkq-0096.webp","card","LOW_RES","exact"
"nhan-thai-bgkq-0097","bgkq-0097","bgkq-0097-nhan-thai-thung-24-lon.webp","catalog/hung-phat/v2/products/bgkq-0097.webp","card","LOW_RES","exact"
"atiso-bgkq-0098","bgkq-0098","bgkq-0098-atiso-thung-12lon.webp","catalog/hung-phat/v2/products/bgkq-0098.webp","card","OK","exact"
"nha-dam-bgkq-0099","bgkq-0099","bgkq-0099-nha-dam-thung-10-goi.webp","catalog/hung-phat/v2/products/bgkq-0099.webp","card","OK","exact"
"thot-not-bgkq-0100","bgkq-0100","bgkq-0100-thot-not-thung-10-goi.webp","catalog/hung-phat/v2/products/bgkq-0100.webp","card","LOW_RES","exact"
"da-me-tan-loc-bgkq-0101","bgkq-0101","bgkq-0101-da-me-tan-loc-thung-15-hu.webp","catalog/hung-phat/v2/products/bgkq-0101.webp","card","LOW_RES","exact"
"nuoc-cot-dua-thai-1-lit-bgkq-0102","bgkq-0102","bgkq-0102-nuoc-cot-dua-thai-1-lit-thung-12-hop.webp","catalog/hung-phat/v2/products/bgkq-0102.webp","card","LOW_RES","exact"
"rau-cau-soc-vang-bgkq-0103","bgkq-0103","bgkq-0103-rau-cau-soc-vang-thung-10-hop.webp","catalog/hung-phat/v2/products/bgkq-0103.webp","card","LOW_RES","exact"
"rau-cau-thao-van-bgkq-0104","bgkq-0104","bgkq-0104-rau-cau-thao-van-thung-20-goi.webp","catalog/hung-phat/v2/products/bgkq-0104.webp","card","LOW_RES","exact"
"rau-cau-gion-agar-bgkq-0105","bgkq-0105","bgkq-0105-rau-cau-gion-agar-thung-20-hop.webp","catalog/hung-phat/v2/products/bgkq-0105.webp","card","LOW_RES","exact"
"rau-cau-ca-deo-bgkq-0106","bgkq-0106","bgkq-0106-rau-cau-ca-deo-thung-10-hop.webp","catalog/hung-phat/v2/products/bgkq-0106.webp","card","LOW_RES","exact"
"flan-douxian-bgkq-0107","bgkq-0107","bgkq-0107-flan-douxian-thung-12-goi.webp","catalog/hung-phat/v2/products/bgkq-0107.webp","card","OK","exact"
"flan-mota-bgkq-0108","bgkq-0108","bgkq-0108-flan-mota-thung-12-goi.webp","","card","MISSING","missing"
"flan-mota-so-bgkq-0109","bgkq-0109","bgkq-0109-flan-mota-so-thung-12-goi.webp","","card","MISSING","missing"
"flan-mole-trung-bgkq-0110","bgkq-0110","bgkq-0110-flan-mole-trung-thung-20-goi.webp","catalog/hung-phat/v2/products/bgkq-0110.webp","card","LOW_RES","exact"
"flan-mole-so-bgkq-0111","bgkq-0111","bgkq-0111-flan-mole-so-thung-20-goi.webp","catalog/hung-phat/v2/products/bgkq-0111.webp","card","LOW_RES","exact"
"flan-mole-mon-bgkq-0112","bgkq-0112","bgkq-0112-flan-mole-mon-thung-20-goi.webp","catalog/hung-phat/v2/products/bgkq-0112.webp","card","LOW_RES","exact"
"flan-mole-dau-bgkq-0113","bgkq-0113","bgkq-0113-flan-mole-dau-thung-20-goi.webp","catalog/hung-phat/v2/products/bgkq-0113.webp","card","LOW_RES","exact"
"plan-mole-dua-bgkq-0114","bgkq-0114","bgkq-0114-plan-mole-dua-thung-20-goi.webp","catalog/hung-phat/v2/products/bgkq-0114.webp","card","LOW_RES","exact"
"bot-sua-hp-bgkq-0115","bgkq-0115","bgkq-0115-bot-sua-hp.webp","catalog/hung-phat/v2/products/bgkq-0115.webp","card","OK","exact"
"bot-sua-b-one-bgkq-0116","bgkq-0116","bgkq-0116-bot-sua-b-one-thung-12-goi.webp","catalog/hung-phat/v2/products/bgkq-0116.webp","card","LOW_RES","exact"
"bot-sua-mt35-bgkq-0117","bgkq-0117","bgkq-0117-bot-sua-mt35-thung-10-goi.webp","catalog/hung-phat/v2/products/bgkq-0117.webp","card","LOW_RES","exact"
"bot-milkfoarm-luave-bgkq-0118","bgkq-0118","bgkq-0118-bot-milkfoarm-luave-thung-20g.webp","catalog/hung-phat/v2/products/bgkq-0118.webp","card","OK","exact"
"bot-frappe-luave-bgkq-0119","bgkq-0119","bgkq-0119-bot-frappe-luave-thung-10-goi.webp","catalog/hung-phat/v2/products/bgkq-0119.webp","card","LOW_RES","exact"
"bot-milkfoam-erdoli-bgkq-0120","bgkq-0120","bgkq-0120-bot-milkfoam-erdoli.webp","","card","MISSING","missing"
"bot-milkfoam-muoi-bien-bgkq-0121","bgkq-0121","bgkq-0121-bot-milkfoam-muoi-bien.webp","catalog/hung-phat/v2/products/bgkq-0121.webp","card","LOW_RES","exact"
"bot-kem-trung-dai-loan-bgkq-0122","bgkq-0122","bgkq-0122-bot-kem-trung-dai-loan.webp","catalog/hung-phat/v2/products/bgkq-0122.webp","card","OK","exact"
"bot-sua-frima-bgkq-0123","bgkq-0123","bgkq-0123-bot-sua-frima-bao.webp","catalog/hung-phat/v2/products/bgkq-0123.webp","card","LOW_RES","exact"
"bot-sua-frima-1kg-bgkq-0124","bgkq-0124","bgkq-0124-bot-sua-frima-1kg-thung-12-goi.webp","catalog/hung-phat/v2/products/bgkq-0124.webp","card","LOW_RES","exact"
"bot-sua-thai-bgkq-0125","bgkq-0125","bgkq-0125-bot-sua-thai-bao.webp","catalog/hung-phat/v2/products/bgkq-0125.webp","card","OK","exact"
"bot-sua-kievit-bgkq-0126","bgkq-0126","bgkq-0126-bot-sua-kievit-bao.webp","catalog/hung-phat/v2/products/bgkq-0126.webp","card","LOW_RES","exact"
"bot-indo-mafac-bgkq-0127","bgkq-0127","bgkq-0127-bot-indo-mafac-thung-10-goi.webp","catalog/hung-phat/v2/products/bgkq-0127.webp","card","LOW_RES","exact"
"bot-mon-bkb-bgkq-0128","bgkq-0128","bgkq-0128-bot-mon-bkb-thung-10-goi.webp","catalog/hung-phat/v2/products/bgkq-0128.webp","card","LOW_RES","exact"
"sua-tuoi-tatte-bgkq-0129","bgkq-0129","bgkq-0129-sua-tuoi-tatte-thung-12-hop.webp","catalog/hung-phat/v2/products/bgkq-0129.webp","card","OK","exact"
"sua-tuoi-blan-bgkq-0130","bgkq-0130","bgkq-0130-sua-tuoi-blan-thung-12-hop.webp","catalog/hung-phat/v2/products/bgkq-0130.webp","card","OK","exact"
"sua-dac-nidoo-bgkq-0131","bgkq-0131","bgkq-0131-sua-dac-nidoo-thung-24-lon.webp","catalog/hung-phat/v2/products/bgkq-0131.webp","card","LOW_RES","exact"
"sua-dac-larose-nap-dut-bgkq-0132","bgkq-0132","bgkq-0132-sua-dac-larose-nap-dut-thung-24-lon.webp","catalog/hung-phat/v2/products/bgkq-0132.webp","card","LOW_RES","exact"
"sua-dac-larose-thuong-bgkq-0133","bgkq-0133","bgkq-0133-sua-dac-larose-thuong-thung-24-lon.webp","catalog/hung-phat/v2/products/bgkq-0133.webp","card","LOW_RES","exact"
"sua-ella-bgkq-0134","bgkq-0134","bgkq-0134-sua-ella-thung-24-lon.webp","catalog/hung-phat/v2/products/bgkq-0134.webp","card","LOW_RES","exact"
"bot-milo-bgkq-0135","bgkq-0135","bgkq-0135-bot-milo-thung-10-kg.webp","catalog/hung-phat/v2/products/bgkq-0135.webp","card","LOW_RES","exact"
"bot-cacao-luave-bgkq-0136","bgkq-0136","bgkq-0136-bot-cacao-luave-thung-20-goi.webp","catalog/hung-phat/v2/products/bgkq-0136.webp","card","LOW_RES","exact"
"ca-cao-dance-bgkq-0137","bgkq-0137","bgkq-0137-ca-cao-dance.webp","catalog/hung-phat/v2/products/bgkq-0137.webp","card","LOW_RES","exact"
"bot-cacao-maly-bgkq-0138","bgkq-0138","bgkq-0138-bot-cacao-maly-thung-20-goi.webp","catalog/hung-phat/v2/products/bgkq-0138.webp","card","LOW_RES","exact"
"bot-mon-king-bgkq-0139","bgkq-0139","bgkq-0139-bot-mon-king-thung-20-goi.webp","catalog/hung-phat/v2/products/bgkq-0139.webp","card","LOW_RES","exact"
"bot-so-king-bgkq-0140","bgkq-0140","bgkq-0140-bot-so-king-thung-20-goi.webp","catalog/hung-phat/v2/products/bgkq-0140.webp","card","LOW_RES","exact"
"bot-so-gtp-bgkq-0141","bgkq-0141","bgkq-0141-bot-so-gtp-thung-20-goi.webp","catalog/hung-phat/v2/products/bgkq-0141.webp","card","LOW_RES","exact"
"bot-so-bao-anh-bgkq-0142","bgkq-0142","bgkq-0142-bot-so-bao-anh.webp","catalog/hung-phat/v2/products/bgkq-0142.webp","card","LOW_RES","exact"
"bot-mon-gtp-bgkq-0143","bgkq-0143","bgkq-0143-bot-mon-gtp-thung-20-goi.webp","catalog/hung-phat/v2/products/bgkq-0143.webp","card","LOW_RES","exact"
"hong-tra-gtp-1kg-bgkq-0144","bgkq-0144","bgkq-0144-hong-tra-gtp-1kg.webp","catalog/hung-phat/v2/products/bgkq-0144.webp","card","LOW_RES","exact"
"hong-tra-king-bgkq-0145","bgkq-0145","bgkq-0145-hong-tra-king.webp","catalog/hung-phat/v2/products/bgkq-0145.webp","card","LOW_RES","exact"
"tra-lai-king-bgkq-0146","bgkq-0146","bgkq-0146-tra-lai-king.webp","catalog/hung-phat/v2/products/bgkq-0146.webp","card","LOW_RES","exact"
"tra-olong-kinh-bgkq-0147","bgkq-0147","bgkq-0147-tra-olong-kinh.webp","catalog/hung-phat/v2/products/bgkq-0147.webp","card","LOW_RES","exact"
"tra-lai-loc-phat-bgkq-0148","bgkq-0148","bgkq-0148-tra-lai-loc-phat-thung-12-goi.webp","catalog/hung-phat/v2/products/bgkq-0148.webp","card","OK","exact"
"tra-den-loc-phat-bgkq-0149","bgkq-0149","bgkq-0149-tra-den-loc-phat-thung-12-goi.webp","catalog/hung-phat/v2/products/bgkq-0149.webp","card","OK","exact"
"tra-olong-loc-phat-bgkq-0150","bgkq-0150","bgkq-0150-tra-olong-loc-phat.webp","catalog/hung-phat/v2/products/bgkq-0150.webp","card","OK","exact"
"tra-den-9-douxian-bgkq-0151","bgkq-0151","bgkq-0151-tra-den-9-douxian-thung-10-goi.webp","catalog/hung-phat/v2/products/bgkq-0151.webp","card","OK","exact"
"tra-den-ht-9-bong-bgkq-0152","bgkq-0152","bgkq-0152-tra-den-ht-9-bong-bao-5o-goi.webp","catalog/hung-phat/v2/products/bgkq-0152.webp","card","OK","exact"
"tra-den-ht-9-luave-bgkq-0153","bgkq-0153","bgkq-0153-tra-den-ht-9-luave-thung-20-goi.webp","catalog/hung-phat/v2/products/bgkq-0153.webp","card","LOW_RES","exact"
"tra-den-hoang-gia-bgkq-0154","bgkq-0154","bgkq-0154-tra-den-hoang-gia.webp","catalog/hung-phat/v2/products/bgkq-0154.webp","card","LOW_RES","exact"
"tra-lai-hoang-gia-bgkq-0155","bgkq-0155","bgkq-0155-tra-lai-hoang-gia.webp","catalog/hung-phat/v2/products/bgkq-0155.webp","card","OK","exact"
"tra-olong-tam-hg-500gr-bgkq-0156","bgkq-0156","bgkq-0156-tra-olong-tam-hg-500gr.webp","catalog/hung-phat/v2/products/bgkq-0156.webp","card","OK","exact"
"tra-dua-sao-vang-bgkq-0157","bgkq-0157","bgkq-0157-tra-dua-sao-vang.webp","catalog/hung-phat/v2/products/bgkq-0157.webp","card","LOW_RES","exact"
"hong-tra-tui-loc-tnb-bgkq-0158","bgkq-0158","bgkq-0158-hong-tra-tui-loc-tnb-thung-50-goi.webp","catalog/hung-phat/v2/products/bgkq-0158.webp","card","LOW_RES","exact"
"tra-dao-tui-loc-tnb-bgkq-0159","bgkq-0159","bgkq-0159-tra-dao-tui-loc-tnb-thung-30-goi.webp","catalog/hung-phat/v2/products/bgkq-0159.webp","card","LOW_RES","exact"
"tra-lai-tui-loc-tnb-bgkq-0160","bgkq-0160","bgkq-0160-tra-lai-tui-loc-tnb-thung-50-goi.webp","catalog/hung-phat/v2/products/bgkq-0160.webp","card","LOW_RES","exact"
"tra-den-phuc-long-bgkq-0161","bgkq-0161","bgkq-0161-tra-den-phuc-long-thung-20goi.webp","catalog/hung-phat/v2/products/bgkq-0161.webp","card","LOW_RES","exact"
"tra-sen-lai-phuc-long-bgkq-0162","bgkq-0162","bgkq-0162-tra-sen-lai-phuc-long-thung-20-hop.webp","catalog/hung-phat/v2/products/bgkq-0162.webp","card","LOW_RES","exact"
"tra-olong-phuc-long-bgkq-0163","bgkq-0163","bgkq-0163-tra-olong-phuc-long-thung-20-hop.webp","catalog/hung-phat/v2/products/bgkq-0163.webp","card","LOW_RES","exact"
"tra-sen-lai-thai-nguyen-bgkq-0164","bgkq-0164","bgkq-0164-tra-sen-lai-thai-nguyen-thung-25-goi.webp","catalog/hung-phat/v2/products/bgkq-0164.webp","card","OK","exact"
"lipton-cozy-bgkq-0165","bgkq-0165","bgkq-0165-lipton-cozy-thung-36-hop.webp","catalog/hung-phat/v2/products/bgkq-0165.webp","card","LOW_RES","exact"
"tra-cozy-hoa-tan-bgkq-0166","bgkq-0166","bgkq-0166-tra-cozy-hoa-tan-thung-30-goi.webp","catalog/hung-phat/v2/products/bgkq-0166.webp","card","LOW_RES","exact"
"tra-cozy-tui-loc-bgkq-0167","bgkq-0167","bgkq-0167-tra-cozy-tui-loc-thung-36-hop.webp","catalog/hung-phat/v2/products/bgkq-0167.webp","card","LOW_RES","exact"
"tra-thai-xanh-do-cty-bgkq-0168","bgkq-0168","bgkq-0168-tra-thai-xanh-do-cty-thung-12-goi.webp","catalog/hung-phat/v2/products/bgkq-0168.webp","card","OK","exact"
"tra-thai-xanh-thuong-bgkq-0169","bgkq-0169","bgkq-0169-tra-thai-xanh-thuong-thung-12-goi.webp","catalog/hung-phat/v2/products/bgkq-0169.webp","card","LOW_RES","exact"
"tra-gao-novia-bgkq-0170","bgkq-0170","bgkq-0170-tra-gao-novia-thung-20-goi.webp","catalog/hung-phat/v2/products/bgkq-0170.webp","card","LOW_RES","exact"
"tra-den-novia-bgkq-0171","bgkq-0171","bgkq-0171-tra-den-novia-thung-20-goi.webp","catalog/hung-phat/v2/products/bgkq-0171.webp","card","OK","exact"
"tra-lai-novia-bgkq-0172","bgkq-0172","bgkq-0172-tra-lai-novia-thung-20-goi.webp","catalog/hung-phat/v2/products/bgkq-0172.webp","card","OK","exact"
"hong-tra-co-gai-bgkq-0173","bgkq-0173","bgkq-0173-hong-tra-co-gai.webp","catalog/hung-phat/v2/products/bgkq-0173.webp","card","LOW_RES","exact"
"tra-den-co-gai-bgkq-0174","bgkq-0174","bgkq-0174-tra-den-co-gai.webp","catalog/hung-phat/v2/products/bgkq-0174.webp","card","OK","exact"
"tra-lai-co-gai-bgkq-0175","bgkq-0175","bgkq-0175-tra-lai-co-gai.webp","catalog/hung-phat/v2/products/bgkq-0175.webp","card","OK","exact"
"tra-lai-nhu-y-bgkq-0176","bgkq-0176","bgkq-0176-tra-lai-nhu-y.webp","catalog/hung-phat/v2/products/bgkq-0176.webp","card","OK","exact"
"tra-gao-rang-ona-bgkq-0177","bgkq-0177","bgkq-0177-tra-gao-rang-ona.webp","catalog/hung-phat/v2/products/bgkq-0177.webp","card","OK","exact"
"tra-olong-tu-quy-bgkq-0178","bgkq-0178","bgkq-0178-tra-olong-tu-quy.webp","catalog/hung-phat/v2/products/bgkq-0178.webp","card","LOW_RES","exact"
"tra-hp-bgkq-0179","bgkq-0179","bgkq-0179-tra-hp.webp","catalog/hung-phat/v2/products/bgkq-0179.webp","card","OK","exact"
"mat-ong-euro-deli-bgkq-0180","bgkq-0180","bgkq-0180-mat-ong-euro-deli-thung-10-binh.webp","catalog/hung-phat/v2/products/bgkq-0180.webp","card","LOW_RES","exact"
"la-rong-bien-bgkq-0181","bgkq-0181","bgkq-0181-la-rong-bien-goi-100-la.webp","catalog/hung-phat/v2/products/bgkq-0181.webp","card","LOW_RES","exact"
"gas-kem-mosa-bgkq-0182","bgkq-0182","bgkq-0182-gas-kem-mosa-thung-36-hop.webp","catalog/hung-phat/v2/products/bgkq-0182.webp","card","LOW_RES","exact"
"than-tre-bgkq-0183","bgkq-0183","bgkq-0183-than-tre-bich.webp","catalog/hung-phat/v2/products/bgkq-0183.webp","card","LOW_RES","exact"
"galatin-thuong-bgkq-0184","bgkq-0184","bgkq-0184-galatin-thuong-le-30k-gram.webp","catalog/hung-phat/v2/products/bgkq-0184.webp","card","OK","exact"
"hat-chia-bgkq-0185","bgkq-0185","bgkq-0185-hat-chia-thung-6-goi.webp","catalog/hung-phat/v2/products/bgkq-0185.webp","card","LOW_RES","exact"
"bot-matcha-dai-loan-bgkq-0186","bgkq-0186","bgkq-0186-bot-matcha-dai-loan-thung-10-goi.webp","catalog/hung-phat/v2/products/bgkq-0186.webp","card","LOW_RES","exact"
"bot-matcha-cozy-bgkq-0187","bgkq-0187","bgkq-0187-bot-matcha-cozy-goi.webp","catalog/hung-phat/v2/products/bgkq-0187.webp","card","OK","exact"
"bot-matcha-seoul-bgkq-0188","bgkq-0188","bgkq-0188-bot-matcha-seoul-goi.webp","catalog/hung-phat/v2/products/bgkq-0188.webp","card","OK","exact"
"bot-lac-pho-mai-bgkq-0189","bgkq-0189","bgkq-0189-bot-lac-pho-mai-goi.webp","catalog/hung-phat/v2/products/bgkq-0189.webp","card","LOW_RES","exact"
"bot-man-pho-mai-ong-gia-bgkq-0190","bgkq-0190","bgkq-0190-bot-man-pho-mai-ong-gia-goi.webp","catalog/hung-phat/v2/products/bgkq-0190.webp","card","LOW_RES","exact"
"suong-sao-trang-den-bgkq-0191","bgkq-0191","bgkq-0191-suong-sao-trang-den-thung-100-goi.webp","catalog/hung-phat/v2/products/bgkq-0191.webp","card","LOW_RES","exact"
"suong-sao-den-mota-bgkq-0192","bgkq-0192","bgkq-0192-suong-sao-den-mota-thung-100-goi.webp","catalog/hung-phat/v2/products/bgkq-0192.webp","card","LOW_RES","exact"
"ice-hot-lun-bgkq-0193","bgkq-0193","bgkq-0193-ice-hot-lun.webp","catalog/hung-phat/v2/products/bgkq-0193.webp","card","LOW_RES","exact"
"rich-lun-bgkq-0194","bgkq-0194","bgkq-0194-rich-lun-thung-24.webp","catalog/hung-phat/v2/products/bgkq-0194.webp","card","OK","exact"
"ice-hot-on-top-bgkq-0195","bgkq-0195","bgkq-0195-ice-hot-on-top-thung-12.webp","catalog/hung-phat/v2/products/bgkq-0195.webp","card","LOW_RES","exact"
"pho-mai-bo-cuoi-bgkq-0196","bgkq-0196","bgkq-0196-pho-mai-bo-cuoi-thung-24-hop.webp","catalog/hung-phat/v2/products/bgkq-0196.webp","card","LOW_RES","exact"
"pho-mai-khoi-2-5kg-mozela-bgkq-0197","bgkq-0197","bgkq-0197-pho-mai-khoi-2-5kg-mozela-cay.webp","catalog/hung-phat/v2/products/bgkq-0197.webp","card","OK","exact"
"pho-mai-khoi-3-6-kg-mozela-bgkq-0198","bgkq-0198","bgkq-0198-pho-mai-khoi-3-6-kg-mozela-cay.webp","catalog/hung-phat/v2/products/bgkq-0198.webp","card","OK","exact"
"giam-tao-bgkq-0199","bgkq-0199","bgkq-0199-giam-tao-thung-6-binh.webp","catalog/hung-phat/v2/products/bgkq-0199.webp","card","LOW_RES","exact"
"tui-ga-ran-500gr-bgkq-0200","bgkq-0200","bgkq-0200-tui-ga-ran-500gr.webp","catalog/hung-phat/v2/products/bgkq-0200.webp","card","LOW_RES","exact"
"cot-bi-dao-wonderfull-bgkq-0201","bgkq-0201","bgkq-0201-cot-bi-dao-wonderfull-thung-30-goi.webp","catalog/hung-phat/v2/products/bgkq-0201.webp","card","LOW_RES","exact"
"lau-kim-chi-bgkq-0202","bgkq-0202","bgkq-0202-lau-kim-chi-thung-10-loc.webp","catalog/hung-phat/v2/products/bgkq-0202.webp","card","LOW_RES","exact"
"ong-hut-ts-trang-bgkq-0203","bgkq-0203","bgkq-0203-ong-hut-ts-trang-cay-10-bich.webp","catalog/hung-phat/v2/products/bgkq-0203.webp","card","LOW_RES","exact"
"ong-hut-ts-trang-boc-mang-bgkq-0204","bgkq-0204","bgkq-0204-ong-hut-ts-trang-boc-mang-cay-10-bich.webp","catalog/hung-phat/v2/products/bgkq-0204.webp","card","OK","exact"
"ong-hut-trang-phi-6-8-bgkq-0205","bgkq-0205","bgkq-0205-ong-hut-trang-phi-6-8-cay-10-bich.webp","catalog/hung-phat/v2/products/bgkq-0205.webp","card","LOW_RES","exact"
"ong-hut-ts-den-phi-6-8-bgkq-0206","bgkq-0206","bgkq-0206-ong-hut-ts-den-phi-6-8-cay-10-bich.webp","catalog/hung-phat/v2/products/bgkq-0206.webp","card","OK","exact"
"muong-ukp-bgkq-0207","bgkq-0207","bgkq-0207-muong-ukp-thung-5000-cai.webp","catalog/hung-phat/v2/products/bgkq-0207.webp","card","LOW_RES","exact"
"muong-thuong-ngan-bgkq-0208","bgkq-0208","bgkq-0208-muong-thuong-ngan-thung-5000-cai.webp","catalog/hung-phat/v2/products/bgkq-0208.webp","card","OK","exact"
"muong-dai-bgkq-0209","bgkq-0209","bgkq-0209-muong-dai-thung-2500-cai.webp","catalog/hung-phat/v2/products/bgkq-0209.webp","card","LOW_RES","exact"
"nap-ngang-bgkq-0210","bgkq-0210","bgkq-0210-nap-ngang-thung-40-cay.webp","catalog/hung-phat/v2/products/bgkq-0210.webp","card","LOW_RES","exact"
"nap-cau-vuong-bgkq-0211","bgkq-0211","bgkq-0211-nap-cau-vuong-thung-40-cay.webp","catalog/hung-phat/v2/products/bgkq-0211.webp","card","OK","exact"
"bich-1ly-ngang-bgkq-0212","bgkq-0212","bgkq-0212-bich-1ly-ngang.webp","catalog/hung-phat/v2/products/bgkq-0212.webp","card","LOW_RES","exact"
"bich-2ly-ngang-bgkq-0213","bgkq-0213","bgkq-0213-bich-2ly-ngang.webp","catalog/hung-phat/v2/products/bgkq-0213.webp","card","LOW_RES","exact"
"bich-1ly-thuong-bgkq-0214","bgkq-0214","bgkq-0214-bich-1ly-thuong.webp","catalog/hung-phat/v2/products/bgkq-0214.webp","card","OK","exact"
"bich-chu-t-bgkq-0215","bgkq-0215","bgkq-0215-bich-chu-t.webp","catalog/hung-phat/v2/products/bgkq-0215.webp","card","LOW_RES","exact"
"bich-1lit-bgkq-0216","bgkq-0216","bgkq-0216-bich-1lit.webp","catalog/hung-phat/v2/products/bgkq-0216.webp","card","LOW_RES","exact"
"cuon-ep-bgkq-0217","bgkq-0217","bgkq-0217-cuon-ep.webp","catalog/hung-phat/v2/products/bgkq-0217.webp","card","LOW_RES","exact"
"mi-koreno-100-goi-bgkq-0218","bgkq-0218","bgkq-0218-mi-koreno-100-goi-thung-100-goi.webp","catalog/hung-phat/v2/products/bgkq-0218.webp","card","LOW_RES","exact"
"mi-lau-koreno-80-goi-bgkq-0219","bgkq-0219","bgkq-0219-mi-lau-koreno-80-goi-thung-80-goi.webp","catalog/hung-phat/v2/products/bgkq-0219.webp","card","LOW_RES","exact"
"mi-acecook-deli-bgkq-0220","bgkq-0220","bgkq-0220-mi-acecook-deli-thung-80-goi.webp","catalog/hung-phat/v2/products/bgkq-0220.webp","card","LOW_RES","exact"
"kim-chi-bgkq-0221","bgkq-0221","bgkq-0221-kim-chi.webp","catalog/hung-phat/v2/products/bgkq-0221.webp","card","LOW_RES","exact"
"bot-sup-bgkq-0222","bgkq-0222","bgkq-0222-bot-sup.webp","catalog/hung-phat/v2/products/bgkq-0222.webp","card","OK","exact"
"bot-ot-bgkq-0223","bgkq-0223","bgkq-0223-bot-ot-thung-10-goi.webp","catalog/hung-phat/v2/products/bgkq-0223.webp","card","OK","exact"
"tinh-dau-ot-bgkq-0224","bgkq-0224","bgkq-0224-tinh-dau-ot.webp","catalog/hung-phat/v2/products/bgkq-0224.webp","card","LOW_RES","exact"
"nam-bgkq-0225","bgkq-0225","bgkq-0225-nam.webp","catalog/hung-phat/v2/products/bgkq-0225.webp","card","LOW_RES","exact"
"cai-tim-bgkq-0226","bgkq-0226","bgkq-0226-cai-tim.webp","catalog/hung-phat/v2/products/bgkq-0226.webp","card","LOW_RES","exact"
"bong-cai-xanh-bgkq-0227","bgkq-0227","bgkq-0227-bong-cai-xanh.webp","catalog/hung-phat/v2/products/bgkq-0227.webp","card","LOW_RES","exact"
"ca-hanh-tieu-bgkq-0228","bgkq-0228","bgkq-0228-ca-hanh-tieu.webp","catalog/hung-phat/v2/products/bgkq-0228.webp","card","LOW_RES","exact"
"ca-hanh-ot-bgkq-0229","bgkq-0229","bgkq-0229-ca-hanh-ot.webp","catalog/hung-phat/v2/products/bgkq-0229.webp","card","LOW_RES","exact"
"ca-vien-trang-beco-bgkq-0230","bgkq-0230","bgkq-0230-ca-vien-trang-beco.webp","catalog/hung-phat/v2/products/bgkq-0230.webp","card","LOW_RES","exact"
"ca-sing-bgkq-0231","bgkq-0231","bgkq-0231-ca-sing.webp","catalog/hung-phat/v2/products/bgkq-0231.webp","card","OK","exact"
"ca-cut-bgkq-0232","bgkq-0232","bgkq-0232-ca-cut.webp","catalog/hung-phat/v2/products/bgkq-0232.webp","card","OK","exact"
"dau-hu-ca-bgkq-0233","bgkq-0233","bgkq-0233-dau-hu-ca.webp","catalog/hung-phat/v2/products/bgkq-0233.webp","card","LOW_RES","exact"
"dau-hu-pho-mai-lc-bgkq-0234","bgkq-0234","bgkq-0234-dau-hu-pho-mai-lc.webp","catalog/hung-phat/v2/products/bgkq-0234.webp","card","LOW_RES","exact"
"dau-hu-phomai-ngon-bgkq-0235","bgkq-0235","bgkq-0235-dau-hu-phomai-ngon.webp","catalog/hung-phat/v2/products/bgkq-0235.webp","card","LOW_RES","exact"
"khoai-tay-2kg-bgkq-0236","bgkq-0236","bgkq-0236-khoai-tay-2kg.webp","catalog/hung-phat/v2/products/bgkq-0236.webp","card","LOW_RES","exact"
"khoai-tay-1kg-bgkq-0237","bgkq-0237","bgkq-0237-khoai-tay-1kg.webp","catalog/hung-phat/v2/products/bgkq-0237.webp","card","LOW_RES","exact"
"pho-mai-que-hop-bgkq-0238","bgkq-0238","bgkq-0238-pho-mai-que-hop.webp","catalog/hung-phat/v2/products/bgkq-0238.webp","card","LOW_RES","exact"
"oc-nhoi-bgkq-0239","bgkq-0239","bgkq-0239-oc-nhoi.webp","catalog/hung-phat/v2/products/bgkq-0239.webp","card","OK","exact"
"bo-vien-bgkq-0240","bgkq-0240","bgkq-0240-bo-vien.webp","catalog/hung-phat/v2/products/bgkq-0240.webp","card","LOW_RES","exact"
"bo-la-lot-bgkq-0241","bgkq-0241","bgkq-0241-bo-la-lot.webp","catalog/hung-phat/v2/products/bgkq-0241.webp","card","LOW_RES","exact"
"xuc-xich-yummy-bgkq-0242","bgkq-0242","bgkq-0242-xuc-xich-yummy.webp","catalog/hung-phat/v2/products/bgkq-0242.webp","card","OK","exact"
"xuc-xich-tokyo-bgkq-0243","bgkq-0243","bgkq-0243-xuc-xich-tokyo.webp","catalog/hung-phat/v2/products/bgkq-0243.webp","card","OK","exact"
"xuc-xich-vuon-bia-bgkq-0244","bgkq-0244","bgkq-0244-xuc-xich-vuon-bia.webp","catalog/hung-phat/v2/products/bgkq-0244.webp","card","OK","exact"
"doi-sun-bgkq-0245","bgkq-0245","bgkq-0245-doi-sun.webp","catalog/hung-phat/v2/products/bgkq-0245.webp","card","LOW_RES","exact"
"vien-tha-lau-bgkq-0246","bgkq-0246","bgkq-0246-vien-tha-lau.webp","catalog/hung-phat/v2/products/bgkq-0246.webp","card","LOW_RES","exact"
"banh-bao-trung-bgkq-0247","bgkq-0247","bgkq-0247-banh-bao-trung.webp","catalog/hung-phat/v2/products/bgkq-0247.webp","card","OK","exact"
"cha-ca-hap-bgkq-0248","bgkq-0248","bgkq-0248-cha-ca-hap.webp","catalog/hung-phat/v2/products/bgkq-0248.webp","card","LOW_RES","exact"
"cha-que-bgkq-0249","bgkq-0249","bgkq-0249-cha-que.webp","catalog/hung-phat/v2/products/bgkq-0249.webp","card","LOW_RES","exact"
"cha-gio-bgkq-0250","bgkq-0250","bgkq-0250-cha-gio.webp","catalog/hung-phat/v2/products/bgkq-0250.webp","card","LOW_RES","exact"
"cha-ca-han-quoc-bgkq-0251","bgkq-0251","bgkq-0251-cha-ca-han-quoc.webp","catalog/hung-phat/v2/products/bgkq-0251.webp","card","OK","exact"
"thanh-cua-dai-1kg-bgkq-0252","bgkq-0252","bgkq-0252-thanh-cua-dai-1kg.webp","catalog/hung-phat/v2/products/bgkq-0252.webp","card","OK","exact"
"thanh-cua-lichuan-bgkq-0253","bgkq-0253","bgkq-0253-thanh-cua-lichuan.webp","catalog/hung-phat/v2/products/bgkq-0253.webp","card","OK","exact"
"com-hong-ongon-bgkq-0254","bgkq-0254","bgkq-0254-com-hong-ongon.webp","catalog/hung-phat/v2/products/bgkq-0254.webp","card","OK","exact"
"com-hong-thien-nhien-bgkq-0255","bgkq-0255","bgkq-0255-com-hong-thien-nhien.webp","catalog/hung-phat/v2/products/bgkq-0255.webp","card","LOW_RES","exact"
"hotdog-pho-mai-bgkq-0256","bgkq-0256","bgkq-0256-hotdog-pho-mai.webp","catalog/hung-phat/v2/products/bgkq-0256.webp","card","OK","exact"
"tom-vien-bgkq-0257","bgkq-0257","bgkq-0257-tom-vien.webp","catalog/hung-phat/v2/products/bgkq-0257.webp","card","LOW_RES","exact"
"tom-con-ongon-bgkq-0258","bgkq-0258","bgkq-0258-tom-con-ongon.webp","catalog/hung-phat/v2/products/bgkq-0258.webp","card","LOW_RES","exact"
"chao-sa-bgkq-0259","bgkq-0259","bgkq-0259-chao-sa.webp","catalog/hung-phat/v2/products/bgkq-0259.webp","card","OK","exact"
"tui-tien-hai-san-bgkq-0260","bgkq-0260","bgkq-0260-tui-tien-hai-san.webp","catalog/hung-phat/v2/products/bgkq-0260.webp","card","LOW_RES","exact"
"banh-sua-tuoi-bgkq-0261","bgkq-0261","bgkq-0261-banh-sua-tuoi.webp","catalog/hung-phat/v2/products/bgkq-0261.webp","card","OK","exact"
"banh-gao-thoi-bgkq-0262","bgkq-0262","bgkq-0262-banh-gao-thoi.webp","catalog/hung-phat/v2/products/bgkq-0262.webp","card","OK","exact"
"sot-banh-gao-saijang-bgkq-0263","bgkq-0263","bgkq-0263-sot-banh-gao-saijang.webp","catalog/hung-phat/v2/products/bgkq-0263.webp","card","LOW_RES","exact"
"sot-banh-gao-ky-bgkq-0264","bgkq-0264","bgkq-0264-sot-banh-gao-ky.webp","catalog/hung-phat/v2/products/bgkq-0264.webp","card","LOW_RES","exact"
"hanh-phi-anh-tu-bgkq-0265","bgkq-0265","bgkq-0265-hanh-phi-anh-tu.webp","catalog/hung-phat/v2/products/bgkq-0265.webp","card","LOW_RES","exact"
"hanh-phi-thuong-bgkq-0266","bgkq-0266","bgkq-0266-hanh-phi-thuong.webp","catalog/hung-phat/v2/products/bgkq-0266.webp","card","OK","exact"
"kho-bo-bgkq-0267","bgkq-0267","bgkq-0267-kho-bo.webp","catalog/hung-phat/v2/products/bgkq-0267.webp","card","LOW_RES","exact"
"kho-ga-bgkq-0268","bgkq-0268","bgkq-0268-kho-ga.webp","catalog/hung-phat/v2/products/bgkq-0268.webp","card","LOW_RES","exact"
"banh-tran-nuong-trang-vang-bgkq-0269","bgkq-0269","bgkq-0269-banh-tran-nuong-trang-vang.webp","catalog/hung-phat/v2/products/bgkq-0269.webp","card","LOW_RES","exact"
"banh-trang-cuon-do-bgkq-0270","bgkq-0270","bgkq-0270-banh-trang-cuon-do.webp","catalog/hung-phat/v2/products/bgkq-0270.webp","card","LOW_RES","exact"
"banh-trang-cat-bgkq-0271","bgkq-0271","bgkq-0271-banh-trang-cat.webp","catalog/hung-phat/v2/products/bgkq-0271.webp","card","LOW_RES","exact"
"nuoc-bo-1-lit-bgkq-0272","bgkq-0272","bgkq-0272-nuoc-bo-1-lit.webp","catalog/hung-phat/v2/products/bgkq-0272.webp","card","LOW_RES","exact"
"nuoc-bo-bgkq-0273","bgkq-0273","bgkq-0273-nuoc-bo.webp","catalog/hung-phat/v2/products/bgkq-0273.webp","card","LOW_RES","exact"
"bo-trang-vang-bgkq-0274","bgkq-0274","bgkq-0274-bo-trang-vang.webp","catalog/hung-phat/v2/products/bgkq-0274.webp","card","LOW_RES","exact"
"kho-muc-bgkq-0275","bgkq-0275","bgkq-0275-kho-muc.webp","catalog/hung-phat/v2/products/bgkq-0275.webp","card","LOW_RES","exact"
"ruoc-bgkq-0276","bgkq-0276","bgkq-0276-ruoc.webp","","card","MISSING","missing"
